id,nombres,apellidos,direccion,email,gender,dni,edad,fechadecreacion,telefono
1,Bryn,9106 Montana Avenue,blittley0@ox.ac.uk,50,1,Thu Nov 30 1899 00:00:00 GMT-0514 (hora de Ecuador),834 960 3788
2,Stewart,8 Texas Lane,stippler1@skyrock.com,7,2,Thu Nov 30 1899 00:00:00 GMT-0514 (hora de Ecuador),427 155 2820
3,Pietrek,274 Forest Circle,pmcparland2@columbia.edu,2,3,Thu Nov 30 1899 00:00:00 GMT-0514 (hora de Ecuador),157 813 3983
4,Jordanna,91773 Esch Way,jvanross3@slate.com,0,4,Thu Nov 30 1899 00:00:00 GMT-0514 (hora de Ecuador),828 343 9270
5,Jethro,2444 Calypso Avenue,jcaroline4@vkontakte.ru,07478,5,Thu Nov 30 1899 00:00:00 GMT-0514 (hora de Ecuador),289 698 0257
6,Mair,4537 Anthes Trail,mtitchard5@dagondesign.com,288,6,Thu Nov 30 1899 00:00:00 GMT-0514 (hora de Ecuador),620 185 2836
7,Bethina,873 Waubesa Way,boldland6@hhs.gov,3,7,Thu Nov 30 1899 00:00:00 GMT-0514 (hora de Ecuador),601 340 7905
8,Hadlee,27 Chive Lane,hbarribal7@nyu.edu,739,8,Thu Nov 30 1899 00:00:00 GMT-0514 (hora de Ecuador),147 646 6172
9,Dudley,783 Schlimgen Court,dannatt8@blog.com,8817,9,Thu Nov 30 1899 00:00:00 GMT-0514 (hora de Ecuador),442 775 5825
10,Corri,4 Sauthoff Park,conion9@jiathis.com,3903,10,Thu Nov 30 1899 00:00:00 GMT-0514 (hora de Ecuador),453 834 2648
11,Gaultiero,6 Blaine Hill,gshutlea@arizona.edu,2,11,Thu Nov 30 1899 00:00:00 GMT-0514 (hora de Ecuador),115 205 1672
12,Raphaela,50 Erie Parkway,rkobelb@java.com,75,12,Thu Nov 30 1899 00:00:00 GMT-0514 (hora de Ecuador),352 458 6599
13,Guido,49145 Macpherson Point,gmcclauriec@gmpg.org,5405,13,Thu Nov 30 1899 00:00:00 GMT-0514 (hora de Ecuador),813 572 2209
14,Derrick,22429 Forest Point,ddakhnod@sciencedirect.com,92831,14,Thu Nov 30 1899 00:00:00 GMT-0514 (hora de Ecuador),691 127 7206
15,Corbie,6149 Susan Court,cbraysone@histats.com,6,15,Thu Nov 30 1899 00:00:00 GMT-0514 (hora de Ecuador),589 637 8474
16,Justus,3 Loftsgordon Alley,jskirvenf@webeden.co.uk,91083,16,Thu Nov 30 1899 00:00:00 GMT-0514 (hora de Ecuador),882 945 2053
17,Cordey,068 Melody Hill,cserrelsg@yahoo.com,0,17,Thu Nov 30 1899 00:00:00 GMT-0514 (hora de Ecuador),466 768 3815
18,Witty,63276 Troy Lane,weadmeadh@columbia.edu,7,18,Thu Nov 30 1899 00:00:00 GMT-0514 (hora de Ecuador),660 830 9195
19,Inessa,2 Towne Junction,igavani@intel.com,1859,19,Thu Nov 30 1899 00:00:00 GMT-0514 (hora de Ecuador),295 805 5769
20,Bennett,008 Charing Cross Drive,bhosburnj@rambler.ru,0,20,Thu Nov 30 1899 00:00:00 GMT-0514 (hora de Ecuador),124 294 3752
21,Webb,9391 Ridgeview Hill,waldousk@angelfire.com,53055,21,Thu Nov 30 1899 00:00:00 GMT-0514 (hora de Ecuador),719 790 6026
22,Devondra,72220 Tennessee Alley,dmckeighenl@weather.com,07,22,Thu Nov 30 1899 00:00:00 GMT-0514 (hora de Ecuador),574 892 1470
23,Sallyanne,7 2nd Junction,sdesouzam@google.ru,9383,23,Thu Nov 30 1899 00:00:00 GMT-0514 (hora de Ecuador),993 295 9512
24,Guthrey,279 Del Sol Park,gridoutn@cornell.edu,831,24,Thu Nov 30 1899 00:00:00 GMT-0514 (hora de Ecuador),949 517 8119
25,Mildrid,27572 Burrows Alley,mjorino@goo.gl,12,25,Thu Nov 30 1899 00:00:00 GMT-0514 (hora de Ecuador),625 665 1012
26,Binny,92 Jana Way,bstretep@shop-pro.jp,4,26,Thu Nov 30 1899 00:00:00 GMT-0514 (hora de Ecuador),514 749 2623
27,Annie,9 Grasskamp Circle,acumberledgeq@reference.com,640,27,Thu Nov 30 1899 00:00:00 GMT-0514 (hora de Ecuador),602 580 2322
28,Isidro,66687 Havey Hill,iwithringtenr@multiply.com,282,28,Thu Nov 30 1899 00:00:00 GMT-0514 (hora de Ecuador),843 155 6997
29,Wittie,1 Waubesa Lane,wgirauxs@reuters.com,023,29,Thu Nov 30 1899 00:00:00 GMT-0514 (hora de Ecuador),225 821 5149
30,Brittni,104 Dayton Center,bhinschet@blogspot.com,90,30,Thu Nov 30 1899 00:00:00 GMT-0514 (hora de Ecuador),904 286 3095